{
    "AB Building": {
        "Train AER": 0.04014272970561994,
        "Threshold": 0.6900000000000001,
        "Test AER": 0.07534246575342463
    },
    "BC Building": {
        "Train AER": 0.22634367903103714,
        "Threshold": 0.67,
        "Test AER": 0.27828746177370034
    },
    "NS Building": {
        "Train AER": Infinity,
        "Threshold": 1.0,
        "Test AER": Infinity
    },
    "NU Building": {
        "Train AER": Infinity,
        "Threshold": 1.0,
        "Test AER": Infinity
    },
    "PE Building": {
        "Train AER": 0.0,
        "Threshold": 1.0,
        "Test AER": 0.0
    },
    "SK Building": {
        "Train AER": 0.3548387096774194,
        "Threshold": 0.42,
        "Test AER": 0.23076923076923073
    },
    "ON Combined": {
        "Train AER": 0.12288541334184488,
        "Threshold": 0.68,
        "Test AER": 0.1432214194645134
    },
    "AB Fire": {
        "Train AER": 0.05429864253393668,
        "Threshold": 0.52,
        "Test AER": 0.0
    },
    "BC Fire": {
        "Train AER": 0.03448275862068961,
        "Threshold": 0.43,
        "Test AER": 0.09090909090909094
    },
    "NS Fire": {
        "Train AER": 0.06779661016949157,
        "Threshold": 1.0,
        "Test AER": 0.10344827586206895
    },
    "ON Fire": {
        "Train AER": 0.1980957418672309,
        "Threshold": 0.71,
        "Test AER": 0.19456066945606698
    },
    "SK Fire": {
        "Train AER": 0.16666666666666663,
        "Threshold": 0.9500000000000001,
        "Test AER": 0.0
    },
    "BC Plumbing": {
        "Train AER": 0.16129032258064513,
        "Threshold": 0.8,
        "Test AER": 0.0
    },
    "NU Plumbing": {
        "Train AER": 0.23076923076923073,
        "Threshold": 1.0,
        "Test AER": 0.0
    },
    "PE Plumbing": {
        "Train AER": 0.6666666666666667,
        "Threshold": 1.0,
        "Test AER": Infinity
    }
}