{
    "ON Combined": {
        "Train AER": 0.11746571701924102,
        "Threshold": 0.75,
        "Test AER": 0.13508920985556505
    },
    "AB Building": {
        "Train AER": 0.03657448706512045,
        "Threshold": 0.78,
        "Test AER": 0.07534246575342463
    },
    "BC Building": {
        "Train AER": 0.23018867924528297,
        "Threshold": 0.74,
        "Test AER": 0.2638036809815951
    },
    "NS Building": {
        "Train AER": "Infinity",
        "Threshold": 1.0,
        "Test AER": "Infinity"
    },
    "NU Building": {
        "Train AER": "Infinity",
        "Threshold": 1.0,
        "Test AER": "Infinity"
    },
    "PE Building": {
        "Train AER": 0.0,
        "Threshold": 1.0,
        "Test AER": 0.0
    },
    "SK Building": {
        "Train AER": 0.3650793650793651,
        "Threshold": 0.72,
        "Test AER": 0.23076923076923073
    },
    "AB Fire": {
        "Train AER": 0.07415730337078652,
        "Threshold": 0.64,
        "Test AER": 0.0
    },
    "BC Fire": {
        "Train AER": 0.0490196078431373,
        "Threshold": 0.62,
        "Test AER": 0.054545454545454564
    },
    "NS Fire": {
        "Train AER": 0.05982905982905984,
        "Threshold": 0.64,
        "Test AER": 0.0
    },
    "ON Fire": {
        "Train AER": 0.18769883351007421,
        "Threshold": 0.76,
        "Test AER": 0.18867924528301883
    },
    "SK Fire": {
        "Train AER": 0.16666666666666663,
        "Threshold": 0.96,
        "Test AER": 0.0
    },
    "BC Plumbing": {
        "Train AER": 0.16129032258064513,
        "Threshold": 0.79,
        "Test AER": 0.0
    },
    "NU Plumbing": {
        "Train AER": 0.0,
        "Threshold": 0.54,
        "Test AER": 0.0
    },
    "PE Plumbing": {
        "Train AER": 0.33333333333333337,
        "Threshold": 1.0,
        "Test AER": "Infinity"
    },
    "Total Test AER": 0.14711538461538465,
    "Total Train AER": 0.13520361990950225
}