{
    "ON Combined": {
        "Train AER": 0.14649411265513945,
        "Threshold": 0.73,
        "Test AER": 0.15449915110356538
    },
    "AB Building": {
        "Train AER": 0.04982206405693945,
        "Threshold": 0.75,
        "Test AER": 0.06529209621993126
    },
    "BC Building": {
        "Train AER": 0.2796992481203008,
        "Threshold": 0.73,
        "Test AER": 0.30030959752321984
    },
    "NS Building": {
        "Train AER": "Infinity",
        "Threshold": 1.0,
        "Test AER": "Infinity"
    },
    "NU Building": {
        "Train AER": "Infinity",
        "Threshold": 1.0,
        "Test AER": "Infinity"
    },
    "PE Building": {
        "Train AER": 0.0,
        "Threshold": 1.0,
        "Test AER": 0.0
    },
    "SK Building": {
        "Train AER": 0.3846153846153846,
        "Threshold": 0.8200000000000001,
        "Test AER": 0.0
    },
    "AB Fire": {
        "Train AER": 0.050000000000000044,
        "Threshold": 0.59,
        "Test AER": 0.0
    },
    "BC Fire": {
        "Train AER": 0.0536585365853659,
        "Threshold": 0.78,
        "Test AER": 0.054545454545454564
    },
    "NS Fire": {
        "Train AER": 0.03448275862068961,
        "Threshold": 0.73,
        "Test AER": 0.0
    },
    "ON Fire": {
        "Train AER": 0.20706937483513588,
        "Threshold": 0.79,
        "Test AER": 0.20041753653444672
    },
    "SK Fire": {
        "Train AER": 0.16666666666666663,
        "Threshold": 0.8300000000000001,
        "Test AER": 0.0
    },
    "BC Plumbing": {
        "Train AER": 0.16129032258064513,
        "Threshold": 0.77,
        "Test AER": 0.0
    },
    "NU Plumbing": {
        "Train AER": 0.23076923076923073,
        "Threshold": 1.0,
        "Test AER": 0.0
    },
    "PE Plumbing": {
        "Train AER": 0.0,
        "Threshold": 1.0,
        "Test AER": "Infinity"
    },
    "Total AER": 0.16222062004325888
}