{
    "AB Building": {
        "Train AER": 0.03306523681858797,
        "Threshold": 0.55,
        "Test AER": 0.05517241379310345
    },
    "BC Building": {
        "Train AER": 0.22188449848024316,
        "Threshold": 0.5,
        "Test AER": 0.26543209876543206
    },
    "NS Building": {
        "Train AER": Infinity,
        "Threshold": 1.0,
        "Test AER": Infinity
    },
    "NU Building": {
        "Train AER": Infinity,
        "Threshold": 1.0,
        "Test AER": Infinity
    },
    "PE Building": {
        "Train AER": 0.0,
        "Threshold": 1.0,
        "Test AER": 0.0
    },
    "SK Building": {
        "Train AER": 0.3650793650793651,
        "Threshold": 0.32,
        "Test AER": 0.0
    },
    "ON Combined": {
        "Train AER": 0.10712378511160958,
        "Threshold": 0.53,
        "Test AER": 0.1193838254172015
    },
    "AB Fire": {
        "Train AER": 0.05215419501133789,
        "Threshold": 0.3,
        "Test AER": 0.0
    },
    "BC Fire": {
        "Train AER": 0.024630541871921152,
        "Threshold": 0.22,
        "Test AER": 0.0
    },
    "NS Fire": {
        "Train AER": 0.051724137931034475,
        "Threshold": 0.31,
        "Test AER": 0.0
    },
    "ON Fire": {
        "Train AER": 0.16858751005092465,
        "Threshold": 0.5,
        "Test AER": 0.19283456269757637
    },
    "SK Fire": {
        "Train AER": 0.16666666666666663,
        "Threshold": 0.87,
        "Test AER": 0.4285714285714286
    },
    "BC Plumbing": {
        "Train AER": 0.16129032258064513,
        "Threshold": 0.67,
        "Test AER": 0.0
    },
    "NU Plumbing": {
        "Train AER": 0.23076923076923073,
        "Threshold": 1.0,
        "Test AER": 0.0
    },
    "PE Plumbing": {
        "Train AER": 0.6666666666666667,
        "Threshold": 1.0,
        "Test AER": Infinity
    }
}