{
    "AB Building": {
        "Train AER": 0.03398926654740608,
        "Threshold": 0.92,
        "Test AER": 0.08532423208191131
    },
    "BC Building": {
        "Train AER": 0.22517058377558752,
        "Threshold": 0.9,
        "Test AER": 0.2445820433436533
    },
    "NS Building": {
        "Train AER": Infinity,
        "Threshold": 1.0,
        "Test AER": Infinity
    },
    "NU Building": {
        "Train AER": Infinity,
        "Threshold": 1.0,
        "Test AER": Infinity
    },
    "PE Building": {
        "Train AER": 0.0,
        "Threshold": 1.0,
        "Test AER": 0.0
    },
    "SK Building": {
        "Train AER": 0.375,
        "Threshold": 0.93,
        "Test AER": 0.23076923076923073
    },
    "ON Combined": {
        "Train AER": 0.10074866310160424,
        "Threshold": 0.9,
        "Test AER": 0.11976047904191611
    },
    "AB Fire": {
        "Train AER": 0.050000000000000044,
        "Threshold": 0.8,
        "Test AER": 0.0
    },
    "BC Fire": {
        "Train AER": 0.024630541871921152,
        "Threshold": 0.78,
        "Test AER": 0.0
    },
    "NS Fire": {
        "Train AER": 0.03448275862068961,
        "Threshold": 0.85,
        "Test AER": 0.0
    },
    "ON Fire": {
        "Train AER": 0.1532063321706466,
        "Threshold": 0.91,
        "Test AER": 0.17597471022128552
    },
    "SK Fire": {
        "Train AER": 0.16666666666666663,
        "Threshold": 0.98,
        "Test AER": 0.0
    },
    "BC Plumbing": {
        "Train AER": 0.16129032258064513,
        "Threshold": 0.93,
        "Test AER": 0.0
    },
    "NU Plumbing": {
        "Train AER": 0.23076923076923073,
        "Threshold": 1.0,
        "Test AER": 0.0
    },
    "PE Plumbing": {
        "Train AER": 0.6666666666666667,
        "Threshold": 1.0,
        "Test AER": Infinity
    },
    "Total Test AER": 0.13394584139264987,
    "Total Train AER": 0.11647123154505135
}