{
    "Total Test AER": 0.13657239545564415,
    "Total Train AER": 0.11944106925880926,
    "AB Building": {
        "Train AER": 0.031333930170098445,
        "Threshold": 0.89,
        "Test AER": 0.10508474576271187
    },
    "BC Building": {
        "Train AER": 0.23123578468536765,
        "Threshold": 0.84,
        "Test AER": 0.25233644859813087
    },
    "NS Building": {
        "Train AER": "Infinity",
        "Threshold": 1.0,
        "Test AER": "Infinity"
    },
    "NU Building": {
        "Train AER": "Infinity",
        "Threshold": 1.0,
        "Test AER": "Infinity"
    },
    "PE Building": {
        "Train AER": 0.0,
        "Threshold": 1.0,
        "Test AER": 0.0
    },
    "SK Building": {
        "Train AER": 0.4461538461538461,
        "Threshold": 0.91,
        "Test AER": 0.0
    },
    "ON Combined": {
        "Train AER": 0.10321959567868222,
        "Threshold": 0.84,
        "Test AER": 0.12136752136752138
    },
    "AB Fire": {
        "Train AER": 0.05215419501133789,
        "Threshold": 0.76,
        "Test AER": 0.019607843137254943
    },
    "BC Fire": {
        "Train AER": 0.024630541871921152,
        "Threshold": 0.73,
        "Test AER": 0.054545454545454564
    },
    "NS Fire": {
        "Train AER": 0.03448275862068961,
        "Threshold": 0.79,
        "Test AER": 0.0
    },
    "ON Fire": {
        "Train AER": 0.15718884120171672,
        "Threshold": 0.86,
        "Test AER": 0.17001055966209078
    },
    "SK Fire": {
        "Train AER": 0.16666666666666663,
        "Threshold": 0.98,
        "Test AER": 0.4285714285714286
    },
    "BC Plumbing": {
        "Train AER": 0.16129032258064513,
        "Threshold": 0.9,
        "Test AER": 0.0
    },
    "NU Plumbing": {
        "Train AER": 0.23076923076923073,
        "Threshold": 1.0,
        "Test AER": 0.0
    },
    "PE Plumbing": {
        "Train AER": 0.6666666666666667,
        "Threshold": 1.0,
        "Test AER": "Infinity"
    }
}